name,Trump,Cruz,Kasich,Bush,Carson,Christie,Fiorina,Gilmore,Huckabee,Paul,Rubio,Santorum,Undecided
Bush,38.11245555555555,19.47132222222222,6.027466666666667,5.028577777777778,7.996444444444445,,,,,,13.080211111111112,,10.283522222222214
Carson,41.20518518518519,18.053611111111113,7.572592592592591,,7.952592592592592,,,,,,16.31888888888889,,8.897129629629626
Christie,35.735759259259254,20.663870370370372,4.4405,4.319574074074075,7.502222222222223,2.44762962962963,2.014074074074074,0.02111111111111111,,,14.819981481481483,,8.0352777777778
Fiorina,35.735759259259254,20.663870370370372,4.4405,4.319574074074075,7.502222222222223,2.44762962962963,2.014074074074074,0.02111111111111111,,,14.819981481481483,,8.0352777777778
Gilmore,38.6057037037037,19.674944444444446,4.215296296296297,5.349277777777778,8.485,,,0.02111111111111111,,,12.615962962962962,,11.032703703703698
Huckabee,38.14273333333334,17.801155555555557,4.511799999999999,4.4614666666666665,7.112444444444445,1.960188888888889,1.5678888888888889,0.15466666666666667,1.7439999999999998,2.6674333333333338,11.389766666666665,0.7759444444444444,7.71051111111111
Paul,39.02666666666667,17.884305555555557,4.610416666666667,4.275,6.9675,2.4202777777777778,1.6469444444444443,0.26916666666666667,,2.642083333333333,11.99861111111111,0.6634722222222222,7.59555555555553
Rubio,43.50937037037036,21.995166666666666,9.926703703703703,,,,,,,,11.380722222222223,,13.18803703703705
Santorum,39.02666666666667,17.884305555555557,4.610416666666667,4.275,6.9675,2.4202777777777778,1.6469444444444443,0.26916666666666667,,2.642083333333333,11.99861111111111,0.6634722222222222,7.59555555555553
