name,Trump,Cruz,Kasich,Bush,Carson,Christie,Fiorina,Gilmore,Huckabee,Paul,Rubio,Santorum,Undecided
Bush,38.276355555555554,19.5212,6.121322222222223,4.954322222222222,7.956666666666666,,,,,,13.066144444444443,,10.103988888888896
Carson,41.183074074074064,18.0385,7.57587037037037,,7.946481481481482,,,,,,16.259611111111113,,8.996462962962969
Christie,35.75809259259259,20.541814814814813,4.3850740740740735,4.32738888888889,7.459259259259259,2.47312962962963,2.0262962962962963,0.023333333333333327,,,14.967555555555556,,8.038055555555589
Fiorina,35.75809259259259,20.541814814814813,4.3850740740740735,4.32738888888889,7.459259259259259,2.47312962962963,2.0262962962962963,0.023333333333333327,,,14.967555555555556,,8.038055555555589
Gilmore,38.68564814814815,19.653518518518514,4.193888888888889,5.331018518518519,8.527407407407408,,,0.01944444444444444,,,12.698425925925926,,10.890648148148149
Huckabee,38.28187777777778,17.889955555555552,4.706366666666666,4.3960888888888885,7.009777777777776,1.915422222222222,1.5202222222222221,0.15566666666666668,1.7306666666666668,2.6320666666666668,11.28828888888889,0.7632777777777777,7.710322222222253
Paul,39.245708333333326,18.125055555555555,4.947805555555556,4.1598194444444445,6.730833333333333,2.3747499999999997,1.59125,0.27125,,2.601166666666667,11.714569444444447,0.6508333333333333,7.586958333333321
Rubio,43.59305555555556,22.287592592592592,10.292222222222222,,,,,,,,11.273055555555553,,12.554074074074071
Santorum,39.245708333333326,18.125055555555555,4.947805555555556,4.1598194444444445,6.730833333333333,2.3747499999999997,1.59125,0.27125,,2.601166666666667,11.714569444444447,0.6508333333333333,7.586958333333321
