name,Trump,Cruz,Kasich,Bush,Carson,Christie,Fiorina,Gilmore,Huckabee,Paul,Rubio,Santorum,Undecided
Bush,37.4192111111111,19.621886111111117,8.586922222222222,,7.349972222222222,,,,,,14.95316388888889,,12.06884444444444
Carson,44.14035555555555,22.03282962962963,10.426229629629628,,,,,,,,11.704348148148148,,11.696237037037044
Christie,37.739415458937195,19.300270531400965,7.336342995169082,4.437340277777778,7.869178743961353,,,0.011666666666666669,,,13.280548309178743,,10.025237016908218
Fiorina,37.739415458937195,19.300270531400965,7.336342995169082,4.437340277777778,7.869178743961353,,,0.011666666666666669,,,13.280548309178743,,10.025237016908218
Gilmore,37.48617063492063,19.394761904761904,7.470674603174603,4.343734567901235,7.926626984126983,,,,,,13.357023809523808,,10.021007495590833
Huckabee,35.93704545454545,19.295454545454547,4.546010101010101,3.936641414141414,7.0451010101010105,2.569520202020202,1.8618686868686867,0.0818181818181818,,2.695,15.08762626262626,0.31555555555555553,6.628358585858599
Paul,38.81112499999999,19.72658333333333,4.338902777777777,5.481055555555556,8.565555555555557,2.4628240740740743,2.1136574074074077,0.019416666666666665,,,12.535194444444445,,5.945685185185195
Rubio,41.84484548611111,25.98152604166667,13.971348958333333,,,,,,,,,,18.202279513888882
Santorum,38.81112499999999,19.72658333333333,4.338902777777777,5.481055555555556,8.565555555555557,2.4628240740740743,2.1136574074074077,0.019416666666666665,,,12.535194444444445,,5.945685185185195
