name,Trump,Cruz,Kasich,Bush,Carson,Christie,Fiorina,Gilmore,Huckabee,Paul,Rubio,Santorum,Undecided
Bush,37.121488888888884,19.401219444444443,8.36695,,7.55638888888889,,,,,,15.414469444444444,,12.139483333333333
Carson,44.16008888888889,21.9948,10.422659259259259,,,,,,,,11.807244444444445,,11.6152074074074
Christie,37.59908695652174,19.257772946859898,7.270492753623188,4.415913194444444,7.9447342995169095,,,0.03333333333333333,,,13.455768115942028,,10.022898399758478
Fiorina,37.59908695652174,19.257772946859898,7.270492753623188,4.415913194444444,7.9447342995169095,,,0.03333333333333333,,,13.455768115942028,,10.022898399758478
Gilmore,37.339126984126985,19.338353174603167,7.391210317460316,4.308425925925926,8.010317460317461,,,,,,13.562916666666666,,10.049649470899462
Huckabee,35.76960101010101,19.234262626262627,4.481146464646465,4.043949494949495,7.192676767676769,2.599378787878788,1.8727272727272728,0.08636363636363636,,2.6785,15.081156565656569,0.3008333333333333,6.659404040404029
Paul,38.62675277777778,19.55484444444444,4.105088888888889,5.665908333333334,8.744583333333333,2.590388888888889,2.161944444444445,0.02783333333333333,,,12.60313611111111,,5.919519444444437
Rubio,42.008203124999994,26.025789930555558,14.387864583333334,,,,,,,,,,17.578142361111112
Santorum,38.62675277777778,19.55484444444444,4.105088888888889,5.665908333333334,8.744583333333333,2.590388888888889,2.161944444444445,0.02783333333333333,,,12.60313611111111,,5.919519444444437
